,0,1,2,3,4,5,6,7,8,9,10,11,12,13,14,15,16,17,18,19,20,21,22,23,24,25,26,27,28,29,30,31,32,33,34,35,36,37,38,39,40,41,42,43,44,45,46,47,48,49,50,51,52,53,54,55,56,57,58,59,60,61,62,63,64,65
0,0.1,0.0,0.0,0.0,0.0,0.0,0.0,0.0,0.04,0.04,0.04,0.04,0.08,0.08,0.16,0.24,0.24,0.48,0.52,0.56,0.64,0.24408362517245039,0.2984842995415985,0.23410803353496762,0.28799589024448047,-1.455805340812827,-0.04243600083280606,-0.036775816182517365,-0.019235650025856074,-0.009737108361459681,-0.006826650897765014,-0.005895721575535703,0.00533412413938809,0.011800589510040226,0.018814922728473932,0.026385231302878294,0.02801648134516188,0.03726602530797124,0.03726602530797125,0.042554392195186995,0.045754740924655236,0.04782675985866353,0.04849490096107097,0.053922501105527675,0.064201187922422,0.06878418256461558,0.2886594478706314,0.44464035450464295,0.460342850336282,0.46995806382970384,0.4745627164445839,0.49003395079314344,0.5092996989482534,0.5395879842281796,0.5429875280759991,0.5448198803051698,0.5463984174728196,0.5492712161723967,0.5674051371920933,0.601176352364908,0.6050291992028459,0.6050291992028459,0.611028775969333,0.6125800560756575,0.6288362957708356,0.6484155213466793
1,0.2,0.0,0.0,0.0,0.0,0.0,0.0,0.0,0.0,0.04,0.04,0.04,0.12,0.28,0.28,0.36,0.44,0.52,0.52,0.64,0.76,0.23888358272312427,0.29022994897074633,0.23829990448901622,0.2896110711802518,-1.253377275779086,-0.025207673829347854,-0.02084185244283129,-0.020077769327983757,-0.018633185491101083,-0.011206874328047196,-0.00833932007390328,0.015055321368497555,0.01721551639454231,0.02661210874580106,0.030113515207116005,0.033952477041407386,0.03733681306111743,0.038128264181565286,0.04196696207901079,0.04947423942718726,0.04947423942718726,0.07048964774621254,0.07666350662777167,0.2211111937365809,0.2648756623721352,0.42523303275656393,0.4508531911440568,0.47370564292388667,0.4767167663101347,0.4774808539702585,0.4791035327356867,0.4819826717103055,0.5078715449315871,0.5188659543544721,0.5483231437243197,0.5543233852744622,0.5616454878664852,0.5764682265208293,0.5796679224490695,0.6183935241525542,0.6183935241525542,0.6620003418990309,0.6810370057530098,0.6816164377174216,0.7750593627809674
2,0.5,0.0,0.0,0.0,0.0,0.0,0.0,0.0,0.0,0.04,0.08,0.12,0.2,0.32,0.32,0.36,0.4,0.44,0.44,0.6,0.72,0.28000636739891754,0.3411297394340488,0.2650960416003396,0.3157155271743126,-1.3254138818265335,-0.02113976831524656,-0.018739652994464475,-0.011206874328047196,0.005134977078908192,0.00995635646317119,0.0153603299268783,0.01837636473308542,0.020681562684939838,0.029527405584967668,0.031166654280923,0.032624992712013905,0.03268369412380252,0.035656456507351116,0.05535254128367513,0.0604230178036693,0.06836166499897564,0.08325875937485838,0.10726157954053245,0.22103321884887803,0.2648756623721352,0.38487368760475416,0.43562457274130895,0.4721706389815691,0.47747569715973254,0.482867405542204,0.5027940721365601,0.5078715449315871,0.5362090402190193,0.5363765520461447,0.5481424001631652,0.5556015506698906,0.5608935063083603,0.5635837859891211,0.5804519181269848,0.6106835296494684,0.64453783653957,0.6681079940393003,0.6810370057530098,0.7447486763173226,0.7757342060093655
3,1.0,0.0,0.0,0.0,0.0,0.0,0.0,0.0,0.0,0.0,0.04,0.04,0.04,0.04,0.2,0.2,0.28,0.52,0.52,0.64,0.72,0.23347129364321342,0.29722013821913074,0.23660193144433833,0.29396323959549464,-1.2684493807174004,-0.02045694931226998,-0.018945038969591085,-0.0151711875537933,-0.009590512928315182,-0.007679121667270809,-0.004777599426592488,0.00361109985058869,0.009043160247940694,0.010202653281880967,0.010613715808194158,0.02314221186796777,0.02524094389565499,0.035656456507351116,0.04407803196588231,0.060987866288143205,0.06167293967944291,0.06878418256461558,0.11963350760018229,0.1546037645705467,0.2648756623721352,0.43563681380918806,0.45035417008504613,0.46026475430972874,0.46238118022833213,0.4829166006221056,0.4837877407566221,0.4877892359900041,0.512335927945989,0.5202691143932253,0.5210956080371962,0.5387384765483618,0.5426237177425483,0.5556015506698907,0.5929784457383248,0.6051214780360777,0.6455977408250941,0.6484155213466793,0.6810370057530098,0.6853102775439309,0.6997275636093052
4,2.0,0.0,0.0,0.0,0.0,0.0,0.0,0.0,0.0,0.0,0.04,0.04,0.04,0.08,0.16,0.32,0.44,0.48,0.48,0.52,0.6,0.27040220736495807,0.2969477351895977,0.2503449007747002,0.30095094617795876,-1.4623059242738705,-0.08611600201754034,-0.029604657732170688,-0.022340764761317473,-0.02045694931226998,-0.015137225649376891,-0.007677982266479543,0.0027650589573283316,0.0029764101095699443,0.02106992609320834,0.025118610535437454,0.03257968861209516,0.05069483712733382,0.051009081986686,0.05272607871546247,0.061343875033160626,0.06878418256461559,0.07832081272739959,0.07985479294151526,0.08929245551153028,0.09598798194564105,0.26841066327243407,0.4050942223893507,0.4434773125661053,0.44385444854296346,0.44655707176797527,0.4837877407566221,0.48619899260808863,0.4953969031494636,0.5387436279512584,0.5397259817368061,0.5476096449380843,0.5705953670411172,0.5740669386708401,0.5841378672504464,0.6141775461341673,0.6484155213466793,0.6555227377325615,0.6611914500201581,0.6644999523714483,0.6786543932276932
5,5.0,0.0,0.0,0.0,0.0,0.0,0.0,0.0,0.0,0.0,0.0,0.04,0.04,0.08,0.2,0.28,0.32,0.48,0.52,0.6,0.68,0.25994906080865965,0.31144129646884017,0.2499734691711769,0.30910781048075475,-1.4524380612044732,-0.09054841747353327,-0.026110046644585144,-0.022138226280001713,-0.019997739916452095,-0.01921338452639578,-0.010499277316920073,-0.009940179341780849,0.0032174586833030165,0.009425671430129366,0.015131111644119436,0.018814922728473935,0.03202029073867204,0.036754635111876724,0.03704255654908637,0.04023626866419482,0.048211464938834325,0.049474239427187275,0.05277938697199133,0.07336763101491467,0.07651442258285754,0.4234657652150702,0.44711576393362196,0.45729699025837284,0.45963608197374006,0.461999156031597,0.4704567032405804,0.4754106085293671,0.4780387575300898,0.5106302281185486,0.5433402548176709,0.5457782535601743,0.553858088585121,0.556365359713252,0.5674051371920932,0.5870054429670329,0.6094495819911113,0.6183935241525542,0.6349242791971078,0.6426571130542035,0.6557151051017502
6,0.1,0.0,0.0,0.0,0.0,0.0,0.0,0.0,0.0,0.0,0.04,0.08,0.2,0.24,0.28,0.44,0.44,0.52,0.6,0.6,0.64,0.2768226679401464,0.3048544743503919,0.2628143903215536,0.3074231470929662,-1.4817270738594046,-0.04751753920028902,-0.02521281958340236,-0.023427910022697764,-0.010736379339075518,-0.009590512928315184,0.0070380769420606,0.015288723959081128,0.018814922728473935,0.028382171464688057,0.03771127469692392,0.03860058473492907,0.04196696207901079,0.05089018489578024,0.05311152437272722,0.055771306847400115,0.06269546772994633,0.06498080221043381,0.06671034085542595,0.07631284014026674,0.16411458800076673,0.41538006257031646,0.45251676833460514,0.45871533922391505,0.5155961379979546,0.5174420677220078,0.5202691143932252,0.5303855749017147,0.5368597193681752,0.5485443104621112,0.5579228985879887,0.5623333912625431,0.5674051371920932,0.569495720564101,0.5703785755497354,0.5796679224490696,0.6065881939655557,0.6090170930961669,0.6215837255857615,0.6450675119834668,0.7227428505806748
7,0.2,0.0,0.0,0.0,0.0,0.0,0.0,0.0,0.0,0.04,0.04,0.04,0.2,0.24,0.4,0.4,0.44,0.44,0.56,0.6,0.72,0.23347129364321342,0.28848263744504044,0.2314549506526584,0.2764728017816624,-1.307492272682627,-0.02442221109448493,-0.023215376606955114,-0.022710762488661218,-0.019948636566021215,-0.014593926108705073,0.007634666388469342,0.009817135896778524,0.01492193160552863,0.01533340986790606,0.015336026344409238,0.018402521629748682,0.04196696207901079,0.04374331803187379,0.049474239427187275,0.050544236766424416,0.05277938697199132,0.054787339273908886,0.058993943325403406,0.20125243879600943,0.27042306247983594,0.41321155525322534,0.43553535736864185,0.45451066761213754,0.46789972208388403,0.471539806749201,0.47482099059983673,0.48278018279064217,0.4878092691040057,0.5114905726332486,0.5383804099917423,0.5480770056996384,0.5620240685688346,0.5795168581682322,0.5796679224490695,0.6138914271538806,0.6183935241525542,0.6349242791971077,0.6618130859889436,0.6879708221827598,0.7743458398573302
8,0.5,0.0,0.0,0.0,0.0,0.0,0.0,0.0,0.0,0.0,0.0,0.04,0.04,0.04,0.28,0.28,0.4,0.52,0.6,0.64,0.68,0.26175315716862996,0.32167381829729574,0.26690013796030987,0.31234742718757086,-1.5249520397578904,-0.09557086776972162,-0.030405762571574707,-0.030386837481357214,-0.026545203455583786,-0.022030808774673366,-0.013585719560656942,-0.004024768197489223,0.0032174586833030117,0.010240975401923933,0.011312789359250982,0.021299327615095842,0.03157947038790074,0.05201577864320852,0.05293674071294125,0.061343875033160626,0.0645618220030368,0.0687765106625065,0.07437575402198732,0.07906639814221028,0.19255896968685562,0.3781238251694353,0.40278032006058384,0.44416797719160134,0.4467506757489212,0.4481456145277389,0.45107126408284676,0.46432333953282584,0.4846682040559191,0.5330498227098189,0.5350438185367594,0.5457782535601743,0.5705953670411172,0.5854288317241713,0.5919963315615618,0.6203272460444741,0.6251478127326022,0.6369507591580976,0.6699284963625349,0.7227866186036471,0.7448875205105621
9,1.0,0.0,0.0,0.0,0.0,0.0,0.0,0.0,0.04,0.04,0.04,0.12,0.32,0.32,0.36,0.4,0.4,0.44,0.44,0.6,0.68,0.240528494110156,0.3029546955814595,0.23819378117372386,0.29009715609541936,-1.3440004777604406,-0.028825088160689467,-0.02748948551143979,-0.026110046644585147,-0.020639904206934536,-0.015722178385252344,-0.006563096326401278,0.022487836488840337,0.022657995381258088,0.026795758038212287,0.029609433999819763,0.02975047467891398,0.03548055305036581,0.04196696207901079,0.05459898714575573,0.06021479448357928,0.08187371232384266,0.08891178914795118,0.09144100542816999,0.14710354392263295,0.20386050909626066,0.3981412181158416,0.43677642960106866,0.4369620426059777,0.4379284788754578,0.44604496384686454,0.4599662094269936,0.461999156031597,0.47843967022387907,0.4828976377518668,0.5062645284950569,0.5368451871352979,0.5507867700908322,0.5654723415416106,0.5796679224490696,0.5931201311881048,0.6384142052449177,0.656524580755625,0.662240325951134,0.7634428885225961,0.765588424618847
10,2.0,0.0,0.0,0.0,0.0,0.0,0.0,0.0,0.0,0.04,0.04,0.04,0.04,0.28,0.28,0.36,0.44,0.44,0.48,0.52,0.68,0.24949591425236126,0.29651912185961554,0.23506314337259895,0.28056985643946525,-1.4892937161852404,-0.08250231684630539,-0.024173898485452913,-0.02081129833875399,-0.019302877621492315,-0.01497897106560831,-0.008080527785986249,0.007178524690684075,0.007634666388469349,0.007842379270166195,0.01436152098121061,0.014411958839516,0.02042778713383285,0.026176013382086135,0.03860058473492906,0.04947423942718727,0.06359102562384716,0.07548520070954068,0.07985479294151528,0.0854265831935258,0.20386050909626066,0.3873440725712549,0.44167723843334816,0.4529716047537896,0.4586442220266361,0.46994284600575903,0.4756025139694081,0.47793979564925637,0.47818409119492966,0.4838302917615015,0.49792560010575937,0.5293001557714854,0.5383804099917424,0.5454652703124718,0.5579228985879887,0.5865694575061982,0.6183935241525542,0.6457850808607838,0.6583234927851833,0.6611914500201581,0.765588424618847
11,5.0,0.0,0.0,0.0,0.0,0.0,0.0,0.0,0.04,0.04,0.04,0.08,0.2,0.24,0.36,0.36,0.44,0.48,0.64,0.64,0.72,0.25650005306165763,0.30908480801000243,0.23787541122784675,0.2971607523841686,-1.2980829363028148,-0.02450298260702773,-0.024206416316075015,-0.02045694931226998,-0.018862125584770618,-0.011206874328047196,-0.008768498788825666,0.014745888321209174,0.015926167186872328,0.025036616528598468,0.030951366071649996,0.03565645650735111,0.03688982686588361,0.03726602530797124,0.040566190479922215,0.047705797576327764,0.06443498499187453,0.07985479294151526,0.1101206091650643,0.20386050909626066,0.29420754906300794,0.41819969316708266,0.4215643194446345,0.42429016504293554,0.4592399461152076,0.4751951846594272,0.48378774075662206,0.5078715449315873,0.53537606141623,0.5389419828411027,0.5456169192766172,0.549245856262113,0.5556015506698907,0.5746192585911365,0.5771705139769591,0.6050291992028457,0.6341039361195403,0.661191450020158,0.6681367000142526,0.716118886924682,0.7655884246188471
12,0.1,0.0,0.0,0.0,0.0,0.0,0.0,0.0,0.0,0.0,0.04,0.04,0.08,0.16,0.36,0.36,0.4,0.48,0.48,0.68,0.72,0.2532632919452404,0.31171125145751144,0.24737344794651384,0.30828313697095305,-1.2466419141219687,-0.02045694931226998,-0.01643119221806991,-0.012038211069135225,-0.006130673810118077,0.0032174586833030212,0.005131411859375726,0.006753497570864342,0.00717852469068407,0.013876557779394987,0.020810517551250757,0.026061636676451356,0.03116665428092299,0.034902095308001355,0.04562796060253136,0.045697558464442366,0.055643553529465484,0.07226618607407896,0.10525756886452386,0.11245093488088685,0.15756158408664508,0.29395758303235286,0.4321370184197411,0.4745352246434641,0.48378774075662206,0.5001015837239685,0.509323702837607,0.5290989718134075,0.5427786134160644,0.5454652703124718,0.5457782535601743,0.5554176384821108,0.5603639208747226,0.5608935063083603,0.5694769833187616,0.572114953671546,0.5791107343421087,0.6096762097701506,0.6696221697955316,0.6703217100715074,0.6992413716281642
13,0.2,0.0,0.0,0.0,0.0,0.0,0.0,0.0,0.0,0.0,0.04,0.04,0.08,0.32,0.32,0.4,0.4,0.44,0.44,0.68,0.68,0.23522232834553752,0.30020949299349475,0.23676111641727687,0.2920734671716838,-1.3306382579999478,-0.029240564665221985,-0.028907664079501044,-0.027066005257711072,-0.025921959075269955,-0.017523648283377626,-0.013691690774645044,-0.013574430608896204,-0.004221840808929935,0.004736421390632411,0.0048837623868457055,0.006753497570864342,0.03704255654908637,0.045627960602531374,0.046895606594449094,0.04872955310838163,0.06515810451540141,0.0765321441711553,0.11043709959324492,0.1123522503303008,0.22054449027242504,0.3010215789683504,0.3865828454675053,0.4142942246047679,0.42007195911484274,0.45184759087879633,0.45381889147322474,0.45817081640596,0.47358290483354104,0.47880606240584644,0.4892456896125764,0.5164693752051019,0.5290989718134076,0.5563653597132521,0.5721149536715461,0.5986599896023987,0.618619829928045,0.6428981101280759,0.6746370079765385,0.6877478420634444,0.7754434925662774
14,0.5,0.0,0.0,0.0,0.0,0.0,0.0,0.0,0.0,0.0,0.04,0.08,0.08,0.16,0.2,0.2,0.44,0.44,0.44,0.6,0.72,0.23829990448901622,0.2740773612678412,0.22296508542926882,0.26816967748413684,-1.4555076706653167,-0.10207031724945304,-0.026614653606441937,-0.020642067917815258,-0.02037436224126829,-0.015193864604023615,-0.012548106393289854,0.0032174586833030165,0.008260328963565615,0.012442677471169757,0.013103273571822624,0.02631621548994165,0.027778593020147464,0.03704255654908637,0.04947423942718726,0.06021479448357928,0.061343875033160626,0.06624624459772085,0.06733778256811469,0.10809720247675644,0.2183421241893905,0.3635493235825381,0.37661958545277485,0.4233469240291221,0.4461630493983294,0.45669699170627176,0.46437431053973677,0.46573463917723756,0.47461599405958754,0.53010603599877,0.5398092566221228,0.5457782535601743,0.5563653597132521,0.5698133687116742,0.5705953670411172,0.6183935241525542,0.6294925971008948,0.6310463263554167,0.653244440558472,0.656524580755625,0.7722230263443721
15,1.0,0.0,0.0,0.0,0.0,0.0,0.0,0.0,0.0,0.0,0.04,0.08,0.12,0.2,0.32,0.4,0.48,0.48,0.52,0.64,0.68,0.262336835402738,0.3176539800248446,0.24567547490183594,0.30526176236623226,-1.5552477525764457,-0.11783456937393202,-0.024704958109924072,-0.02442850565285895,-0.022954145685544783,-0.02045694931226998,-0.017269349882688318,0.0032174586833030143,0.005274152580833003,0.0070380769420605995,0.009608314166610052,0.018376364733085408,0.031166654280923,0.03178481965990305,0.03328295346125598,0.04083059252448918,0.04858416198706657,0.049553783684224716,0.049623098492754016,0.06932385685841576,0.1664003417799496,0.29403278741737904,0.36459548654826224,0.4138422652345515,0.44339856084211726,0.46609312141941645,0.4781347190649544,0.4800775283985357,0.48378774075662223,0.5417104924414653,0.5447750358276156,0.5457782535601743,0.548544310462111,0.5608935063083603,0.5706218499501315,0.5804519181269849,0.5821608395177316,0.5891582186501606,0.5891782160099863,0.7010305224324471,0.7176787211018707
16,2.0,0.0,0.0,0.0,0.0,0.0,0.0,0.0,0.0,0.0,0.0,0.08,0.12,0.16,0.24,0.28,0.44,0.48,0.56,0.64,0.72,0.27793696275071633,0.346808287010981,0.2656797198344476,0.31722798262301394,-1.632838514735536,-0.10729823678701929,-0.02575988699750154,-0.02483838000136511,-0.024427254842388342,-0.01894503896959109,-0.015220970257693487,-0.01376794766226648,0.0032174586833030143,0.00898838546739455,0.012620308465134475,0.022334598048395524,0.035357559559521155,0.03704255654908637,0.038934466232902705,0.04947423942718726,0.05244395243402398,0.060987866288143205,0.0664050499177392,0.10525756886452389,0.17684230432532752,0.3723792475326601,0.4129259499839277,0.4371743235993951,0.45745177176510304,0.4629122921107592,0.46950915892846623,0.4716929085641389,0.4732787590662178,0.4829166006221056,0.49866634468145954,0.5366599486744941,0.5453197033771132,0.5457782535601743,0.556365359713252,0.606635339888859,0.6072820043478246,0.6183935241525542,0.645597740825094,0.6696221697955316,0.72451154260694
17,5.0,0.0,0.0,0.0,0.0,0.0,0.0,0.0,0.04,0.04,0.04,0.08,0.08,0.16,0.24,0.32,0.36,0.44,0.44,0.56,0.6,0.23288761540910538,0.2797248402180535,0.22837737450917966,0.2667906453712232,-1.531720076705391,-0.13275439985472087,-0.02768464435923213,-0.025972899754514094,-0.020195973028115266,-0.011653601715543764,-0.0060587351420023005,0.0014580029597962725,0.004046188758297434,0.006753497570864342,0.019678286475714284,0.0246402686352766,0.0326491994799543,0.036490202602908174,0.03704255654908637,0.04577671861063901,0.049623098492754016,0.05751941521917271,0.0854265831935258,0.08727226822750343,0.1937220123559723,0.28034392681748665,0.43906237463626113,0.4557080367705832,0.46240606117019245,0.463169284235705,0.4644053637663149,0.4684424101379032,0.4718448537076977,0.48757855331753985,0.5061294676086066,0.5237128663834312,0.5290989718134075,0.5419081827842538,0.556365359713252,0.5821608395177315,0.5891130926015661,0.6082602590189352,0.6462245529564632,0.6583234927851832,0.7688115607910431
18,0.1,0.0,0.0,0.0,0.0,0.0,0.0,0.0,0.0,0.0,0.0,0.08,0.08,0.08,0.32,0.36,0.44,0.48,0.6,0.6,0.68,0.27926350419187096,0.3638042353671312,0.27751246948954683,0.3451945462352432,-1.2861426851751236,-0.026154206998563256,-0.024036108291406337,-0.012679650972963318,-0.010773525728668904,-0.0031182636215497184,0.003133917455678695,0.020813087533700557,0.03860058473492906,0.039724599134089815,0.043588934168881245,0.0473964208183193,0.04947423942718726,0.049623098492754016,0.05286289138827764,0.057994919520484946,0.06420118792242203,0.06493825182079778,0.06844104935633462,0.0727408369802182,0.18880627449763426,0.44333372756788103,0.4445794916883929,0.44624225021354746,0.47016065216068614,0.47190400566489893,0.504318113225932,0.5497668874898634,0.5579228985879887,0.5620135466981501,0.5796738378024129,0.5821608395177315,0.5835611567991178,0.5887272273646063,0.6075497248957362,0.6121340464302165,0.6183935241525542,0.6205941659722931,0.6288362957708354,0.6421995235144677,0.6430239117814003
19,0.2,0.0,0.0,0.0,0.0,0.0,0.0,0.0,0.0,0.0,0.04,0.04,0.08,0.08,0.36,0.44,0.44,0.48,0.52,0.64,0.76,0.253740846864056,0.3091502734175453,0.241961158866603,0.298860084350841,-1.6308013127123124,-0.1427602658829937,-0.024192820674510795,-0.023091055441668243,-0.01503945013087932,-0.007697378811601765,0.0021500471699367617,0.0027650589573283294,0.007178524690684073,0.016048145410639283,0.018225490097156065,0.02190719272918614,0.022779173757546553,0.03704255654908637,0.04962309849275403,0.050684966205455505,0.059120673430968954,0.05961688838021455,0.06110962621255075,0.07458865528131624,0.22103321884887803,0.18928245204378039,0.40288230074177944,0.4454459489811069,0.4535100694052557,0.4862136529295995,0.5266612980500116,0.5397259817368061,0.5401892094886995,0.5454652703124717,0.5554012416687282,0.556365359713252,0.5710568388628985,0.5744021200013116,0.5815979000454358,0.5821608395177317,0.6066061839020958,0.6172619870664864,0.6202478757373788,0.6593719841104484,0.7757342060093653
20,0.5,0.0,0.0,0.0,0.0,0.0,0.04,0.04,0.04,0.04,0.04,0.04,0.12,0.24,0.36,0.44,0.48,0.48,0.52,0.52,0.72,0.29507587817043407,0.34631125754319014,0.2779900244083625,0.3421532983893797,-1.2732248501591101,-0.021213962878922136,-0.010269989272694815,0.003217458683303007,0.00652149886406621,0.008691169785134388,0.019184287486185288,0.020606703424384032,0.0339644487559286,0.03422436029848584,0.03726602530797125,0.04831886474166066,0.049474239427187275,0.05127253050631442,0.055643553529465484,0.05799491952048493,0.06067116898465197,0.06712807781828874,0.06836166499897563,0.08696732025984473,0.18718879104585504,0.4295672855625322,0.43257384492057954,0.4821909952177683,0.4829159788778493,0.5308380289677602,0.5434918224366946,0.5457782535601743,0.5554176384821108,0.5581230625872682,0.5742938169194736,0.5782477296372452,0.5868076738762977,0.5919897645370282,0.5966920254500897,0.6050291992028458,0.6121340464302166,0.6183935241525542,0.6445378365395699,0.657492292431501,0.7213926385555314
21,1.0,0.0,0.0,0.0,0.0,0.0,0.0,0.0,0.0,0.0,0.04,0.08,0.08,0.24,0.4,0.4,0.52,0.52,0.6,0.68,0.68,0.2640348084474159,0.31933754036607764,0.2507163323782235,0.30570213731646767,-1.3416777995163476,-0.026614653606441933,-0.022218629057558784,-0.0181258683741001,-0.013921540568848754,0.0021500471699367686,0.0032174586833030117,0.0032174586833030117,0.02304156594412108,0.028647752121276793,0.03102666622046521,0.03860058473492906,0.04130400574449574,0.04790902541664213,0.05186393657392254,0.06210639456243104,0.07258489090530394,0.07585006981890094,0.0920495751248818,0.18718879104585504,0.2183421241893905,0.4529737126532999,0.45669699170627165,0.45686243208266486,0.47392756809706765,0.4877773827562595,0.4966223326394633,0.5365300441604345,0.5401892094886995,0.5457782535601743,0.5457782535601743,0.54777248449876,0.5579228985879886,0.5715211967617592,0.5875023237668102,0.5966920254500897,0.6211435845698061,0.6342651463277339,0.6437727986973959,0.6736349655994542,0.7722230263443722
22,2.0,0.0,0.0,0.0,0.0,0.0,0.0,0.0,0.0,0.04,0.04,0.08,0.24,0.28,0.28,0.36,0.4,0.48,0.6,0.68,0.8,0.29263504191870954,0.33740300841786863,0.27623898970603844,0.33497120742371,-1.4601406343103351,-0.03985280839993019,-0.0020021365773154626,0.0021500471699367712,0.0032174586833030165,0.007380540402004516,0.01030754583529383,0.020606703424384035,0.02190719272918614,0.026649680407631555,0.03248397889552027,0.03860058473492907,0.03869935794359576,0.039441730692908655,0.04196696207901079,0.046074376165611095,0.06573243213879791,0.07202936331400328,0.07331064754310376,0.07872071134717597,0.1040941553914938,0.44544594898110706,0.48708462534138997,0.5107185623849394,0.5389371431759362,0.5401892094886995,0.5447213358853384,0.5457782535601743,0.5571638117584312,0.5579228985879886,0.5688540660779038,0.5742938169194737,0.5745992154715263,0.5796679224490695,0.5881464237996129,0.6047102429480012,0.6226415477839532,0.6263552336257592,0.630412914213123,0.6317720117535819,0.6915421726756635
23,5.0,0.0,0.0,0.0,0.0,0.0,0.0,0.0,0.0,0.04,0.04,0.04,0.12,0.36,0.36,0.4,0.48,0.48,0.56,0.68,0.72,0.27692879125543884,0.3223819608152333,0.270083837419081,0.3143443249466914,-1.4947605977570761,-0.06348607964271438,-0.0233348210466509,-0.02092836319706636,0.004606921279487206,0.005886724486678822,0.006513877036012577,0.018269082435207588,0.02060670342438403,0.020606703424384032,0.025043913719329264,0.025941961729133486,0.029090078054110013,0.03422436029848585,0.03870358672700248,0.04562796060253136,0.046895606594449094,0.05277938697199132,0.05564355352946549,0.06878418256461559,0.09204957512488178,0.27207299020540593,0.43438658325490576,0.4451118332804894,0.469397448156466,0.49259964465448675,0.532925662575083,0.537342972931406,0.5434918224366948,0.5449336784194386,0.5467041115628335,0.5554176384821108,0.5556842284464774,0.572114953671546,0.5742938169194737,0.5742938169194737,0.5886546435323039,0.6186198299280452,0.6349242791971076,0.6484155213466793,0.6736349655994542
24,0.1,0.0,0.0,0.0,0.0,0.0,0.0,0.0,0.0,0.04,0.04,0.04,0.08,0.28,0.28,0.44,0.44,0.48,0.56,0.68,0.72,0.26992465244614244,0.30463605906497704,0.25543881990873396,0.3072559035672018,-1.4882607827707044,-0.08242581604138195,-0.021296851142345315,-0.020456949312269986,-0.016028631147818176,-0.009996656486815124,0.002150047169936764,0.007086992730769999,0.01745537389307811,0.020657555734958876,0.02565448413296847,0.02606163667645136,0.026316215489941643,0.026649680407631555,0.03853954207506927,0.056883827671796214,0.061343875033160626,0.0646661014704483,0.08312175984153189,0.08664770642918397,0.20497182474626835,0.4284393943940964,0.46048386800399665,0.48222398574739794,0.48378774075662206,0.4873417950027094,0.4940602293611562,0.4945098023778889,0.5283722363496309,0.5289268664378532,0.5401892094886995,0.5520798473440846,0.5584987946708566,0.5694769833187616,0.5698133687116742,0.5705953670411172,0.5881464237996128,0.6171874560874645,0.6399555755495256,0.6504109688874828,0.7766199691885933
25,0.2,0.0,0.0,0.0,0.0,0.0,0.0,0.0,0.0,0.04,0.08,0.08,0.12,0.16,0.32,0.4,0.4,0.44,0.48,0.56,0.68,0.276981852913085,0.3316075826689407,0.26085110898864483,0.31382666081691385,-1.3250343290450968,-0.03005246597931694,-0.024492984147897696,-0.022663899434305367,-0.016006859284473127,-0.004808535592960333,-0.0006332936754700702,0.005531422949173743,0.008427852677121036,0.022327575748089582,0.03565645650735111,0.03860058473492906,0.04274243013311222,0.05277938697199132,0.05564355352946549,0.05800274732058281,0.058025651208018746,0.08581554744874123,0.1123522503303008,0.12979499268693687,0.1429378597157316,0.3517964958175487,0.4297832666135065,0.4305015401549125,0.4469682992876093,0.4549065914832416,0.45742057892310406,0.47861737835958323,0.47916427265833733,0.48112509629113065,0.5164693752051019,0.5554176384821109,0.5556015506698907,0.5579228985879887,0.6095951567055351,0.6157991683440545,0.6256752712975701,0.6349242791971078,0.692872013567535,0.6945756515408417,0.7373993717179761
26,0.5,0.0,0.0,0.0,0.0,0.0,0.0,0.04,0.08,0.08,0.08,0.24,0.28,0.32,0.4,0.48,0.52,0.56,0.56,0.6,0.64,0.29772896105274327,0.32620509624161975,0.26483073331210866,0.32070176975542075,-1.7038356133518313,-0.03439113392189788,-0.02403610829140634,-0.022609685768918614,-0.01788604709933834,-0.013777129869936209,-0.011058762197664456,0.0032174586833030143,0.007634666388469345,0.02190719272918614,0.03212153015376304,0.03456073652394432,0.03860058473492907,0.047918429946057155,0.04861308668566046,0.049623098492754016,0.05272607871546247,0.05764400905883463,0.06689473272154059,0.08832170893934273,0.12524555837174642,0.19453325509328676,0.2586366945039918,0.445445948981107,0.4608735305957604,0.47016065216068625,0.475240970101616,0.5058910352829284,0.5201135844598054,0.5300665741691934,0.5383804099917424,0.5407635043388839,0.5422275272318026,0.5457782535601743,0.5579228985879887,0.5666185197501029,0.5821608395177316,0.6141775461341672,0.64509262537406,0.6932608959302352,0.7359706906479915
27,1.0,0.0,0.0,0.0,0.0,0.0,0.0,0.0,0.0,0.0,0.0,0.0,0.08,0.24,0.36,0.36,0.44,0.52,0.6,0.72,0.8,0.2630796986097846,0.3085948623228172,0.256022498142842,0.302395752736324,-1.4759966393132722,-0.023672431061033245,-0.02230025969014648,-0.019545668500381173,-0.018862125584770614,-0.01792743345249907,-0.006806371109217766,0.0026741328152625806,0.0032174586833030095,0.00756161167446853,0.009425671430129368,0.013174073784510583,0.01415547235477592,0.02060670342438404,0.042084570644273976,0.04873074438270792,0.049474239427187275,0.05182177520815097,0.05506704443458035,0.0738133225114986,0.20199702887390503,0.4211174784815702,0.4579237812066471,0.4584079077595824,0.4592399461152076,0.46516339027044556,0.47535184058758995,0.4799423691706761,0.48214937959267284,0.4891029698450472,0.5457782535601743,0.5474003938929919,0.553858088585121,0.5742938169194737,0.5773760075845532,0.5942413227556294,0.5952795097427652,0.6056922572872916,0.6183935241525542,0.6187003067528277,0.7624914907619265
28,2.0,0.0,0.0,0.0,0.0,0.0,0.0,0.04,0.04,0.04,0.04,0.04,0.12,0.12,0.24,0.28,0.36,0.52,0.56,0.6,0.64,0.2567122996922424,0.31964330357481424,0.2562878064310729,0.31786434528536867,-1.5845302282742921,-0.10479526582053209,-0.030386837481357214,-0.026366536701589432,-0.024415812265434562,-0.017000385731278257,-0.016836631975664644,-0.009319682245176038,0.00627905650616136,0.007184603568200548,0.010707507404139368,0.01721551639454231,0.018211882693519206,0.025036616528598468,0.025586810362180218,0.04946548970901662,0.04947423942718727,0.05182177520815097,0.08217012809931033,0.08415138463632994,0.09700909633248485,0.16235685427536517,0.40366765452814135,0.45107126408284676,0.4532194607260297,0.4549382469646047,0.4551568540981662,0.46376324536298696,0.4712124056408696,0.4727643525082632,0.49793262305361513,0.5125599934107259,0.5392701729257279,0.5616454878664852,0.5746192585911365,0.5833051452162341,0.5940422428100416,0.6183935241525542,0.6187003067528276,0.6533569075239709,0.7236778854724373
29,5.0,0.0,0.0,0.0,0.0,0.0,0.0,0.0,0.0,0.0,0.0,0.0,0.04,0.16,0.24,0.36,0.44,0.48,0.52,0.6,0.68,0.24307545367717287,0.3070872423314691,0.2384590894619548,0.29407422026327207,-1.3258981857247112,-0.0268700967548965,-0.017751104785654066,-0.005028040707630636,-0.002985541333004757,0.0022044112006906844,0.005334124139388085,0.007184603568200549,0.008648473806198683,0.012898863749705674,0.016536717869291395,0.02029744022675902,0.024033450873748582,0.04962309849275403,0.055643553529465484,0.06493072895163166,0.06790946539727381,0.07548520070954068,0.07811945878144759,0.1123522503303008,0.20386050909626066,0.3943496200982553,0.3978875044336131,0.4331519319301969,0.4549382469646047,0.45826839218967114,0.4641439129501392,0.49167860741346836,0.5163345078058812,0.516469375205102,0.5300039754663107,0.5460011684487154,0.5463984174728196,0.5554176384821109,0.5610074906620927,0.5821608395177316,0.6250840644886378,0.6457850808607839,0.6571737646483096,0.7139886569333704,0.7655884246188471
30,0.1,0.0,0.0,0.0,0.0,0.0,0.0,0.0,0.04,0.04,0.04,0.04,0.04,0.04,0.28,0.36,0.36,0.44,0.48,0.6,0.68,0.22694470975273268,0.3073351398948568,0.227899819590364,0.28996457219041955,-1.2840785923230653,-0.02593385452685541,-0.02450298260702773,-0.02450298260702773,-0.024445780015191425,-0.022460831872361094,-0.020716869905051914,-0.010216097698593829,0.007184603568200548,0.009153440462226442,0.01456686668118702,0.018154067228019002,0.03202029073867205,0.04562796060253136,0.051821775208150976,0.06054904448160965,0.061963770569039685,0.07666350662777167,0.07985479294151526,0.14710354392263295,0.1850197863001533,0.41230839155331156,0.42926051525245806,0.43001254429625113,0.4328695711850442,0.4344677370022037,0.4549382469646047,0.4751951846594272,0.4751951846594272,0.4784106424836275,0.5338380609037455,0.536845187135298,0.5452127839190508,0.5721149536715461,0.5870054429670329,0.6187003067528275,0.6320797823918414,0.6358235752995778,0.6611914500201581,0.662000341899031,0.7429070131629855
31,0.2,0.0,0.0,0.0,0.0,0.0,0.0,0.0,0.0,0.0,0.0,0.04,0.12,0.28,0.28,0.4,0.48,0.48,0.48,0.52,0.68,0.2682797410591107,0.31946223150757164,0.25782659450281226,0.3050793956822843,-1.4291673499034492,-0.022990473220079816,-0.021571339483157037,-0.019672855674794834,-0.017219054883739527,-0.010472458096357062,-0.010428495488113722,-0.00364228390064606,0.004138743088137956,0.013328957547214733,0.015360329926878304,0.020813087533700557,0.02503661652859847,0.035656456507351116,0.03860058473492906,0.055643553529465484,0.06741902784924085,0.07985479294151528,0.08371575214283838,0.10601964634260479,0.1937220123559723,0.33480681937108664,0.43285120351036355,0.4433337275678809,0.45854180234965697,0.4801602447300257,0.48294567815290257,0.48731438993848275,0.4946119366384317,0.5257142931022141,0.5363765520461447,0.5434256977439407,0.5482247938159255,0.5554176384821109,0.5556015506698907,0.5579228985879887,0.5746192585911365,0.6611914500201583,0.6895544763954288,0.7458766045849201,0.7688115607910431
32,0.5,0.0,0.0,0.0,0.0,0.0,0.0,0.0,0.0,0.0,0.0,0.04,0.04,0.32,0.4,0.4,0.44,0.44,0.6,0.64,0.64,0.2447203650642046,0.303524512697903,0.24153666560543352,0.29984254766688206,-1.3866466102335149,-0.02924056466522198,-0.022708381026697692,-0.02088276764304956,-0.01542054205383699,-0.003913597102178892,0.0032174586833030195,0.008260328963565617,0.01190817681311134,0.012442677471169757,0.02356538137178836,0.03860058473492906,0.03866124665786627,0.04947423942718727,0.049474239427187275,0.055643553529465484,0.06082628473331858,0.06878418256461559,0.07174479316346348,0.0817106398589221,0.20594151341266143,0.4019717817723817,0.4233469240291221,0.42955649785018846,0.43434018224046705,0.44753391259423436,0.45381889147322474,0.5070706270593022,0.5398092566221229,0.5457782535601743,0.5464989147066918,0.554435693324675,0.5554176384821109,0.5579228985879887,0.568984072683581,0.6183935241525542,0.6183935241525542,0.6211979127106206,0.6484155213466793,0.6537708715748292,0.7627147475717149
33,1.0,0.0,0.0,0.0,0.0,0.0,0.0,0.0,0.04,0.04,0.04,0.04,0.2,0.28,0.28,0.28,0.44,0.52,0.52,0.56,0.72,0.2794757508224557,0.31470623702632733,0.25156531890056244,0.2961899551320232,-1.5118294033513846,-0.10662828164124549,-0.02768464435923213,-0.021278677369650292,-0.020639904206934536,-0.012665827738560396,0.0067577934578295406,0.007634666388469347,0.009153440462226442,0.02141426837785085,0.023605248456540856,0.028165263861984032,0.03704255654908637,0.0402199391429319,0.04650090286359055,0.05785615477021329,0.06836166499897563,0.06836166499897563,0.07455562943640788,0.09747076707556614,0.16724190986300175,0.4537610554350544,0.4557080367705832,0.4654651530644015,0.47540099018003723,0.4784396702238792,0.4904026668880189,0.5017805445939466,0.5287266786723831,0.5383804099917422,0.5452127839190506,0.5460355028613273,0.556365359713252,0.5736884282860601,0.5781128899608776,0.5958618916130508,0.6297173001715624,0.6445378365395699,0.64453783653957,0.651746819610862,0.6775117530229645
34,2.0,0.0,0.0,0.0,0.0,0.0,0.0,0.0,0.04,0.04,0.16,0.2,0.2,0.4,0.44,0.44,0.48,0.64,0.64,0.68,0.76,0.3187944391382787,0.36159784313046117,0.28494110156001273,0.334803574659747,-1.3527307206088701,-0.021863259206598106,-0.020253617415831492,-0.013181309934071175,-0.00022887052239714165,0.006714793978444237,0.013328957547214733,0.013475097145075351,0.019759495992469726,0.03704255654908637,0.045627960602531374,0.048871623982490994,0.053403457148210244,0.054591771499987576,0.061084742193030735,0.07390754074443319,0.07765226546761946,0.08514307490994268,0.09588453196643702,0.12757059166640344,0.3009254385746834,0.4104280878746283,0.43328065537715627,0.4518833641274296,0.45960114381328865,0.4779656445423421,0.4996782315833207,0.5434256977439407,0.5440684741044552,0.5504799575085053,0.5563653597132521,0.5721149536715461,0.5864543827947941,0.5990402075987805,0.6037326139942875,0.61421340536964,0.6712041240388052,0.6838776000433262,0.702363746047396,0.7096052802665573,0.710582953256341
35,5.0,0.0,0.0,0.0,0.0,0.0,0.0,0.04,0.04,0.04,0.04,0.08,0.12,0.32,0.44,0.44,0.48,0.48,0.64,0.68,0.72,0.28069616894831795,0.3308244641644914,0.2617000955109838,0.3086450451394027,-1.3329166370227485,-0.030386837481357214,-0.02367243106103325,-0.023667953091526223,-0.01806232228556571,0.0032174586833030143,0.010834298588554715,0.014745888321209178,0.020813087533700557,0.026655323681430632,0.03860058473492907,0.041966962079010794,0.04202137520448292,0.046895606594449094,0.055643553529465484,0.06503829996400604,0.07226618607407896,0.07585006981890094,0.07985479294151528,0.1123522503303008,0.22103321884887803,0.40307830871000744,0.42553352599184313,0.44333372756788103,0.45107126408284676,0.46901369986106306,0.479942369170676,0.5164693752051019,0.5394181384699654,0.5456169192766172,0.5457782535601742,0.5554176384821108,0.5562427890395208,0.5579228985879887,0.5796679224490697,0.6186198299280451,0.6437727986973959,0.6462340911351505,0.6611914500201579,0.6992413716281644,0.7757342060093653
36,0.1,0.0,0.0,0.0,0.0,0.0,0.0,0.0,0.0,0.0,0.0,0.04,0.04,0.2,0.2,0.24,0.36,0.52,0.6,0.64,0.72,0.2384060278043086,0.30183710983669637,0.23103045739148892,0.2835052841882328,-1.5888632402968228,-0.0849092684060278,-0.02701848514576912,-0.022460831872361094,-0.02061010697512494,-0.016028631147818172,-0.014689846910019278,-0.01432187867219489,-0.011592511512034906,0.017307965817282427,0.0252380430387226,0.025932993039085694,0.029038683462663587,0.03569272349473427,0.04196696207901079,0.04628617056446171,0.0601281681056415,0.07079176846748245,0.07985479294151528,0.10042241750025085,0.18507349229840772,0.36692601615727527,0.4124275598927284,0.4343018950961769,0.4503101260387451,0.45668496465286823,0.45685774968928283,0.47088622154326354,0.4784106424836275,0.48609176748058075,0.4873417950027094,0.49176599244431707,0.5725756774512762,0.5796679224490696,0.6064551076773197,0.6161951169955375,0.6455147059432742,0.652802781137987,0.6543073857470953,0.661191450020158,0.748999952868559
37,0.2,0.0,0.0,0.0,0.0,0.0,0.0,0.04,0.04,0.08,0.08,0.24,0.32,0.32,0.36,0.48,0.48,0.52,0.68,0.68,0.68,0.29114931550461637,0.3493732476088897,0.28069616894831795,0.3273472857987943,-1.3964010971101888,-0.023471871936155932,-0.021720499625128203,-0.021571339483157037,-0.020379087939707115,-0.016522318482098633,-0.011974350744071608,-0.007618217148483379,0.012898863749705673,0.013656530503382244,0.01923716947642926,0.02081308753370056,0.03807294450545312,0.03860058473492907,0.05796260195255658,0.06210639456243104,0.0621364278262786,0.07985479294151526,0.08696732025984473,0.11734168763731799,0.22103321884887803,0.37467349256547866,0.42281637820185364,0.4433337275678809,0.44992424334366266,0.4721612541450614,0.48016024473002583,0.48938637752128666,0.512970867029425,0.5450114970743598,0.5559556388457931,0.5579228985879887,0.5588160600920375,0.5610074906620928,0.5732342636203753,0.5831116173141779,0.5863056904540731,0.6211435845698061,0.6611914500201581,0.7213926385555314,0.7757342060093654
38,0.5,0.0,0.0,0.0,0.0,0.0,0.0,0.0,0.0,0.0,0.04,0.04,0.16,0.2,0.2,0.24,0.4,0.4,0.48,0.64,0.64,0.2637164385015388,0.2983339463467181,0.2430223920195267,0.2856774920032551,-1.5629436915308559,-0.1015470627891961,-0.0247764144496689,-0.02325177800083421,-0.021599241607932577,-0.01983857250468792,-0.008549954556931465,0.005872301978130355,0.009153440462226443,0.018814922728473935,0.030026847571646163,0.03704255654908637,0.041063568522541574,0.061219800844241494,0.06916897387824508,0.0695535920012681,0.07666350662777166,0.08176978398407483,0.08696732025984473,0.0919441987639603,0.10596986704560743,0.3797941924818578,0.4439659673631759,0.4448598929372679,0.45841261402076683,0.45931682538703084,0.47352365235028565,0.4835162900764095,0.49732850486804764,0.5452127839190507,0.5563653597132521,0.5674051371920933,0.579604999136931,0.5939166874946954,0.6226079647581078,0.6278324582183693,0.6337010510394565,0.662000341899031,0.6776699329230363,0.689582980458014,0.7213926385555315
39,1.0,0.0,0.0,0.0,0.0,0.0,0.0,0.0,0.0,0.04,0.04,0.04,0.04,0.08,0.24,0.36,0.48,0.48,0.56,0.68,0.72,0.2493367292794227,0.3012910221431344,0.24026318582192507,0.3052898927257014,-1.3139613390017053,-0.027522760888580116,-0.01602863114781817,-0.0028548961584025953,0.004631006168036213,0.005649026830734131,0.005854302821308785,0.013430168916392926,0.02203828816998695,0.024640268635276602,0.03135976647067198,0.03219952511339832,0.03704255654908637,0.04182929413799587,0.04314247705908396,0.04362963421358347,0.05542441980628273,0.056100725290043923,0.056147996042678276,0.0600539388330258,0.18880627449763426,0.394063236901691,0.45482654339165596,0.4554385975550259,0.46130861858132716,0.4873417950027094,0.5191257601546854,0.5344868507200009,0.5453712458858988,0.5509004919795142,0.5563653597132521,0.5613846517315069,0.5638051635314889,0.5738899708998006,0.5754407073891059,0.589113092601566,0.6075497248957362,0.6082161894887692,0.6255700718430954,0.6415220425463655,0.6488919761092355
40,2.0,0.0,0.0,0.0,0.0,0.0,0.0,0.0,0.04,0.04,0.04,0.08,0.12,0.24,0.36,0.44,0.48,0.52,0.68,0.72,0.72,0.25963069086278256,0.31137940711699236,0.24217340549718774,0.28705361238632776,-1.5213937154120496,-0.08388585536606129,-0.02574138013153215,-0.0224813585204946,-0.018088231449498553,-0.017598482592902528,-0.01752364828337763,0.0032174586833030117,0.0032174586833030165,0.00717852469068407,0.007184603568200546,0.00814313500247182,0.013140419283674152,0.024640268635276602,0.02503661652859848,0.0446017013535538,0.055643553529465484,0.07226618607407896,0.07922178200686249,0.14733438423142686,0.2233956557862396,0.38969169673869686,0.4549382469646046,0.46335019796739046,0.4695869041648037,0.47287235969747465,0.4735829048335411,0.4860259066700266,0.48945672106026017,0.5245975925817898,0.5454652703124718,0.5457782535601743,0.5457782535601743,0.5554176384821108,0.5666837381044021,0.5746192585911364,0.5891130926015661,0.6406974592207455,0.6992413716281645,0.7291553678214219,0.7777072441095217
41,5.0,0.0,0.0,0.0,0.0,0.0,0.0,0.0,0.04,0.08,0.08,0.2,0.28,0.32,0.36,0.4,0.4,0.48,0.52,0.56,0.68,0.28027167568714845,0.31516310019343163,0.25018571580176163,0.2964533218566558,-1.7184773558316713,-0.0708345296888264,-0.035770879989180736,-0.02586366711274183,-0.02450298260702773,-0.02324952974024566,-0.01993829433491841,-0.015443193836863095,-0.012554822044119259,0.007178524690684072,0.015888490244867045,0.016955648360765487,0.017542854369887614,0.03642071651280856,0.038661246657866265,0.05001913932204882,0.06515928697897733,0.06758005239621198,0.08516000590483828,0.08969108902259221,0.18704313437071768,0.2814619012390108,0.4145070964190659,0.43332046141473135,0.4560970195058102,0.46107184633381654,0.47061109282043406,0.4751951846594271,0.4806758808813682,0.48239419038826076,0.4946493192901804,0.5266108438719437,0.5454652703124718,0.5464989147066917,0.5472244599285397,0.561933620742276,0.5877277366966631,0.6340418700301838,0.6626601040255327,0.7281312953423215,0.7377845790712466
42,0.1,0.0,0.0,0.0,0.0,0.0,0.0,0.04,0.04,0.04,0.32,0.4,0.44,0.44,0.44,0.44,0.48,0.48,0.52,0.6,0.64,0.307120874456118,0.32542701703877275,0.2555449432240263,0.2868190900277588,-1.4529982238754753,-0.025191237052233896,-0.024434632619732898,-0.02045694931226998,-0.01759858871527808,-0.012529582641323886,0.0009182642295388355,0.0022028099868924788,0.01133530173116711,0.022779173757546553,0.024640268635276595,0.031011886965786363,0.03290128041952249,0.035656456507351116,0.03691288020371411,0.04104306900551188,0.059284400943600025,0.07748495482156825,0.10409415539149383,0.14080732910369526,0.20386050909626066,0.3455311592168867,0.43161164828009957,0.4546422972924318,0.45879939292010635,0.47063361546463645,0.47998552513389753,0.48378774075662206,0.4956848870526951,0.5195484598657719,0.5356002386987024,0.5394959976120438,0.5520824267776446,0.5556015506698907,0.5675080375724255,0.5744021200013116,0.5751782778165293,0.5891130926015662,0.6915421726756634,0.7091218419094795,0.765588424618847
43,0.2,0.0,0.0,0.0,0.0,0.0,0.0,0.0,0.0,0.04,0.04,0.04,0.04,0.16,0.28,0.4,0.48,0.56,0.64,0.72,0.72,0.2758675581025151,0.31348485531784376,0.25856945770985884,0.31290304808883634,-1.3662478464078556,-0.024349940317640578,-0.01960885769977338,0.005334124139388085,0.012337936813654938,0.012898863749705681,0.015117443425110712,0.02144221518791712,0.03008477332402028,0.031579951970969716,0.03704255654908637,0.04196696207901079,0.04227087807505513,0.04682743453091392,0.05525346085881418,0.05781819317912195,0.06021479448357928,0.07148847718952181,0.0866849233454912,0.09432028362463771,0.11235225033030079,0.4207952160582632,0.4444567827005317,0.47604906663998303,0.48453428270025667,0.5164693752051019,0.5205746773946729,0.5282413566966807,0.5416515509320837,0.5463984174728196,0.5513965084270992,0.556365359713252,0.5610074906620927,0.5653163383563871,0.5796679224490696,0.5824450824968249,0.631494642685272,0.6565245807556251,0.662830718847498,0.6661802299704587,0.7072433553451904
44,0.5,0.0,0.0,0.0,0.0,0.0,0.0,0.0,0.0,0.04,0.04,0.04,0.24,0.24,0.32,0.44,0.48,0.52,0.56,0.68,0.72,0.2945983232516184,0.33435215690690834,0.27040220736495807,0.3172976048172295,-1.472012724055422,-0.04632277179462282,-0.02506411438266756,-0.024081591422215932,-0.009975078450270607,-0.00801796214523229,0.0032174586833030143,0.00826670352461265,0.015573744289620764,0.018192622557099653,0.018814922728473935,0.022945886092059664,0.0405759370043457,0.042675572901343245,0.043743318031873785,0.046895606594449094,0.04834717184564472,0.04947423942718727,0.057035171851380795,0.07229115582740227,0.21158581826034883,0.4337433161447506,0.4353412618748981,0.450793096337042,0.4597349602055537,0.4655276608546659,0.5147075062385688,0.5179044499215891,0.5244351264309632,0.5437991939296175,0.5457782535601743,0.562961216840564,0.5674051371920931,0.5704721931275877,0.5749520013138192,0.6077902223598819,0.6138914271538807,0.6183935241525541,0.6186198299280451,0.6357424721246375,0.7665232437326239
45,1.0,0.0,0.0,0.0,0.0,0.0,0.0,0.0,0.0,0.04,0.04,0.04,0.08,0.12,0.32,0.36,0.44,0.48,0.56,0.64,0.68,0.2437121935689271,0.30504142403457746,0.23325904701262867,0.2977584508823263,-1.461036022342182,-0.0437787424016391,-0.029348804909097602,-0.026614653606441933,-0.021571339483157037,-0.021571339483157037,-0.0126241795470841,-0.0007941635312780565,0.0029260282636766944,0.007184603568200551,0.01120178751691492,0.018814922728473932,0.021435430835202995,0.022779173757546553,0.03290128041952249,0.035412589476407214,0.03565645650735111,0.04689560659444909,0.049293038012189906,0.0620263384095938,0.13677409115690844,0.3708293481237927,0.4230574336897761,0.433328254084368,0.4549382469646046,0.45669699170627176,0.4717484279530099,0.4801602447300256,0.4801602447300257,0.5407167164994976,0.5426885478872446,0.5556015506698909,0.5599574614185194,0.5674051371920933,0.5701835971473648,0.5744021200013116,0.5751782778165294,0.5826618429040666,0.618619829928045,0.6269135610564118,0.6622609084565476
46,2.0,0.0,0.0,0.0,0.0,0.0,0.0,0.0,0.04,0.04,0.04,0.12,0.2,0.24,0.32,0.36,0.4,0.48,0.6,0.64,0.72,0.2752838798684071,0.3419589432075154,0.2630796986097846,0.32589168631882415,-1.2965278249324592,-0.02574138013153215,-0.024508399225350197,-0.020390591624735173,-0.011404535349303902,0.0009335512173875977,0.0032174586833030095,0.005663796243914846,0.007634666388469342,0.015650596951751635,0.02060670342438403,0.035656456507351116,0.04582427321724465,0.046895606594449094,0.04836715405332744,0.051821775208150976,0.06624624459772085,0.06724398585922474,0.07985479294151526,0.08569156123355169,0.16229290621566428,0.37527927449107773,0.41974062639522297,0.42406315392493765,0.44738632835569847,0.4484438018951383,0.4609485896614333,0.46335019796739046,0.48583497850572693,0.5250976399277537,0.5383804099917425,0.5457782535601742,0.5530924315621895,0.5556015506698908,0.5742938169194737,0.6186198299280451,0.6187003067528277,0.6294925971008948,0.6611914500201581,0.7246340701437546,0.734192978888339
47,5.0,0.0,0.0,0.0,0.0,0.0,0.0,0.0,0.0,0.04,0.04,0.04,0.08,0.2,0.32,0.4,0.4,0.48,0.48,0.48,0.68,0.22630796986097845,0.3073489822341604,0.23559375994906082,0.30173057196735376,-1.3097175698583041,-0.02772988803772177,-0.022663899434305367,-0.021788587185203597,-0.02127422839342006,-0.021265834090643226,-0.019608857699773382,-0.016522665331799434,0.0032174586833030143,0.012827934802907141,0.022181852478240442,0.026494272610900642,0.03607719934714357,0.04328817937423722,0.04410323242873977,0.045627960602531374,0.046895606594449094,0.0680466789221073,0.07274083698021822,0.14710354392263292,0.22588797241031808,0.40362745375352194,0.4399247374260423,0.44275489623727715,0.45312026281840334,0.4582983109938098,0.47916427265833744,0.4803729607396077,0.4838847441283852,0.4845342827002567,0.5085304775470352,0.536845187135298,0.5457782535601743,0.5630392036980839,0.5721149536715461,0.5738915976222977,0.5825545813588185,0.6186198299280452,0.6430239117814003,0.6733206766557007,0.7793690966964745
48,0.1,0.0,0.0,0.0,0.0,0.0,0.0,0.0,0.04,0.04,0.04,0.04,0.04,0.08,0.36,0.52,0.52,0.52,0.56,0.6,0.72,0.253157168629948,0.29601230872925866,0.26069192401570623,0.29900560133696574,-1.29064508234501,-0.02924056466522198,0.007038076942060596,0.008893684850674695,0.009425671430129366,0.015089123438785415,0.02060670342438404,0.020813087533700557,0.023706042081511672,0.025861180908644935,0.029609433999819763,0.03328295346125599,0.04569755846444237,0.04962309849275403,0.05081874550474569,0.05861094316139213,0.06331077706272638,0.06815037355449165,0.06878418256461559,0.07105211533795773,0.2072242322932676,0.4433337275678809,0.45381889147322474,0.46520622159907754,0.5417104924414652,0.5438115520040436,0.548544310462111,0.551849265241005,0.553858088585121,0.5593144970364431,0.5694857575935186,0.5742938169194736,0.5821608395177315,0.5931201311881048,0.6083496647127116,0.6096762097701507,0.6377976330741877,0.6397561117596877,0.6484155213466791,0.6618996482125579,0.7019831320795472
49,0.2,0.0,0.0,0.0,0.0,0.0,0.0,0.0,0.0,0.0,0.0,0.04,0.04,0.12,0.2,0.28,0.44,0.48,0.52,0.6,0.72,0.22991616258091901,0.28823002356042093,0.24143054229014113,0.2850779294191277,-1.3193655276634497,-0.027684644359232135,-0.01798518808366607,-0.017639549323416524,-0.017269349882688318,-0.013275471936946647,0.0031339174556786974,0.0032174586833030143,0.0032174586833030143,0.005886724486678824,0.015493721029502229,0.028616031350842005,0.030951366071649996,0.04243787654296448,0.04456426906879369,0.04472641836073087,0.047259828652262525,0.06443498499187453,0.06494814816247858,0.08388241317085786,0.12592147500622877,0.38894969855808653,0.42959138230832483,0.4309158612618481,0.44243293732926003,0.4557080367705833,0.46579464258106595,0.46609312141941645,0.48119534573771555,0.5389419828411028,0.5457782535601743,0.5457782535601743,0.5467041115628335,0.5497668874898634,0.5748503723867453,0.5841948179698576,0.585895147230011,0.5993730399447986,0.659008586195209,0.6681367000142528,0.6979665409876262
50,0.5,0.0,0.0,0.0,0.0,0.0,0.0,0.0,0.0,0.0,0.0,0.0,0.0,0.08,0.32,0.4,0.44,0.44,0.44,0.72,0.76,0.3004351055926987,0.3369857785549343,0.2787328876154091,0.3222715937741724,-1.3188199668319416,-0.02924056466522198,-0.023130979990411527,-0.02045694931226998,-0.018945038969591085,-0.014978971065608306,0.006724602683844755,0.007178524690684073,0.018841166771812426,0.020407127384315327,0.029146515619380853,0.033555847912037536,0.03860058473492907,0.04196696207901079,0.04947423942718727,0.05049658716150162,0.055261003998495,0.06828863966151498,0.07336763101491467,0.07458865528131622,0.15577294359109034,0.43185598270630265,0.4522271843570569,0.45381889147322474,0.469942846005759,0.48291660062210573,0.4837877407566221,0.4932519495726555,0.5281559043844913,0.5359146352227351,0.5454652703124718,0.5579228985879887,0.5670335741097196,0.5796679224490696,0.5827859909155118,0.58836826980417,0.6183935241525542,0.6426571130542036,0.6593719841104484,0.6672632755370895,0.6792215926459808
51,1.0,0.0,0.0,0.0,0.0,0.0,0.0,0.0,0.08,0.08,0.16,0.16,0.16,0.16,0.16,0.4,0.4,0.4,0.52,0.6,0.68,0.23718560967844635,0.2907797723039758,0.23373660193144433,0.2821398787139379,-1.365012276063306,-0.02283557675217397,-0.02176616386286682,-0.02095356463516186,-0.006757448476283395,0.0041574052722674094,0.006029021661066744,0.006042135810794827,0.007634666388469342,0.015722894133768782,0.019304173993914972,0.020834251088643747,0.023706042081511666,0.03565645650735111,0.037683802361820486,0.04689560659444909,0.06318478212766035,0.08946442300898512,0.09204957512488178,0.11235225033030079,0.22103321884887803,0.3376892705215966,0.3766301621311151,0.38753961322384634,0.43884562400095434,0.4404326788874009,0.46171408288031407,0.48291584482664635,0.49767267030793494,0.511537191458771,0.513011078144208,0.5164693752051018,0.5383804099917423,0.5556015506698906,0.5593144970364432,0.5711296563568278,0.618619829928045,0.6519515130875053,0.6678905322936753,0.6736349655994542,0.7757342060093654
52,2.0,0.0,0.0,0.0,0.0,0.0,0.0,0.0,0.0,0.04,0.04,0.04,0.04,0.08,0.12,0.2,0.4,0.56,0.6,0.6,0.68,0.2696593441579115,0.31268489375316816,0.26854504934734164,0.31768705664346,-1.4944392885342865,-0.09600413035173076,-0.02450298260702773,-0.019948636566021218,-0.010710056394123736,0.005649811345515209,0.00983181085643774,0.019794031133394934,0.025036616528598465,0.025036616528598468,0.026061636676451356,0.03860058473492906,0.04316732383871228,0.04947423942718727,0.051821775208150976,0.061343875033160626,0.06404014022284572,0.07088064736246433,0.07613951658606018,0.07985479294151526,0.08561318162747981,0.45175085108823865,0.4544323753230299,0.47153980674920104,0.4751951846594271,0.47694894475784927,0.4819372730197838,0.546103259046107,0.5579228985879887,0.5694769833187616,0.5705953670411172,0.5746192585911364,0.5746192585911365,0.606156926653737,0.6183935241525542,0.6187003067528275,0.6258138005385725,0.6276865499294578,0.6611914500201581,0.6708280395571365,0.7135641492025355
53,5.0,0.0,0.0,0.0,0.0,0.0,0.0,0.0,0.0,0.0,0.04,0.04,0.16,0.28,0.32,0.4,0.44,0.48,0.72,0.76,0.92,0.29019420566698506,0.3534216802676202,0.26483073331210866,0.3369609182308624,-1.5114362040940912,-0.026415939287579297,-0.018945038969591085,-0.008929142033289837,0.006714793978444237,0.008260328963565603,0.009153440462226443,0.009517236823373534,0.010202653281880959,0.022330591212458447,0.024120847251751773,0.024873786055196814,0.0353561568712536,0.03653244257661782,0.04374331803187378,0.05277938697199132,0.06836166499897563,0.06878418256461559,0.07398229511277836,0.07765226546761946,0.11385345089814165,0.4268197199744203,0.4363214520621936,0.45528870546429456,0.46148212206223505,0.469009288264797,0.4829166006221056,0.5245892326153688,0.5398092566221228,0.5426237177425483,0.5452127839190508,0.5460477831939257,0.5504799575085053,0.566592860393223,0.56935199360445,0.5827900308484315,0.6138914271538807,0.6349242791971077,0.64453783653957,0.6484155213466793,0.7023637460473962
54,0.1,0.0,0.0,0.0,0.0,0.0,0.0,0.0,0.0,0.0,0.08,0.08,0.08,0.24,0.36,0.4,0.52,0.56,0.64,0.64,0.72,0.26318582192507695,0.30865376093480973,0.24493261169478933,0.29999126209734334,-1.2930644170649588,-0.02543540530759298,-0.024502982607027737,-0.01894503896959109,-0.01610117746085594,-0.006757484641044851,0.0041387430881379495,0.016828627145564466,0.017837309220557266,0.02677633482900251,0.040972460318172484,0.048871623982490994,0.04962309849275403,0.05514921373749317,0.06108644316846851,0.06485078752904211,0.06878418256461559,0.07985479294151528,0.08011863009566265,0.1727771396392901,0.23939664945229705,0.4044342032866899,0.4525852520195678,0.4718024478071777,0.4751951846594272,0.4772790999537023,0.48291660062210573,0.4913344242315728,0.49788750178908714,0.5125362924685802,0.5482247938159255,0.5821608395177316,0.5964800715586155,0.6037326139942873,0.6101350361583019,0.6383054360446657,0.645453499027147,0.6484155213466793,0.6611914500201582,0.6712122925315729,0.7416405933604792
55,0.2,0.0,0.0,0.0,0.0,0.0,0.0,0.0,0.0,0.0,0.04,0.08,0.12,0.16,0.32,0.44,0.52,0.56,0.6,0.72,0.96,0.24047543245250982,0.2843749886440499,0.22699777141037886,0.26780595180311667,-1.5293162352341707,-0.029425037371330356,-0.022460831872361094,-0.02081129833875399,-0.014466170724004686,-0.011206874328047192,-0.005242440959988546,0.0032174586833030117,0.012370211148972333,0.013041245155907209,0.01581761389745522,0.01721551639454231,0.022721463047784073,0.030947060452384184,0.05166281648737063,0.052015778643208506,0.07017764943114044,0.08415138463632994,0.09944015166216218,0.2211111937365809,0.2345166298838611,0.3637898196001441,0.42683088346901316,0.4295159985353577,0.45126425210312615,0.4756025139694081,0.477917524550804,0.4784106424836275,0.4816750430207694,0.5078715449315873,0.5323841097280411,0.5457782535601742,0.5494140929348079,0.549780856936704,0.5616454878664852,0.6203272460444742,0.6411787354827647,0.6494734841730752,0.65707473222905,0.723677885472437,0.7750593627809675
56,0.5,0.0,0.0,0.0,0.0,0.0,0.0,0.0,0.0,0.0,0.0,0.0,0.04,0.24,0.32,0.44,0.48,0.48,0.6,0.6,0.68,0.28738193781173726,0.36217829479992225,0.28319006685768866,0.3520697172489616,-1.3179953413808552,-0.02597929461695961,-0.022570454329147036,-0.0004936922381188568,0.0032174586833030143,0.004320332400014799,0.005334124139388085,0.013328957547214729,0.020911350805939564,0.021907192729186144,0.03653244257661782,0.037266025307971254,0.037336813061117434,0.0416008739297669,0.05277938697199132,0.06473784379615555,0.06844104935633462,0.07458865528131624,0.08569156123355169,0.09025234062258992,0.1123522503303008,0.445445948981107,0.44640205583837644,0.4491608391549645,0.4577907302537579,0.5001433879953956,0.516469375205102,0.5434256977439407,0.5457782535601743,0.5460477831939258,0.5463984174728196,0.5480822096726835,0.5543233852744622,0.5697210562656017,0.578730636415706,0.6050291992028459,0.6349242791971077,0.6421995235144679,0.6593719841104484,0.6614032050944895,0.7246340701437546
57,1.0,0.0,0.0,0.0,0.0,0.0,0.0,0.0,0.0,0.0,0.04,0.12,0.16,0.2,0.32,0.4,0.48,0.48,0.48,0.56,0.68,0.2623898970603842,0.32484508630732384,0.2570306696381195,0.3109347878746132,-1.3506453901131046,-0.020722540173803004,-0.019151132875759282,-0.018292854879134686,-0.008332394173493697,-0.003952786683156274,0.004320332400014796,0.010107476792154228,0.014529692773931078,0.020813087533700557,0.026494272610900642,0.02972648273075714,0.03704255654908637,0.037266025307971254,0.04986276361698594,0.05221918066817666,0.05766625743505647,0.06484432467282758,0.07226618607407896,0.11972275889728182,0.13431358770090235,0.34256766716969966,0.4433337275678809,0.46231874748632684,0.47408873112359284,0.4836746228539327,0.486305375560392,0.49145840920240735,0.5400751954843794,0.5480822096726834,0.5533383765477797,0.556365359713252,0.5773907316947847,0.5791373850929801,0.5825545813588187,0.6050291992028457,0.6211981540672913,0.6227113544924369,0.6319432315385087,0.6992413716281642,0.7027677847021904
58,2.0,0.0,0.0,0.0,0.0,0.0,0.0,0.0,0.04,0.04,0.04,0.04,0.2,0.24,0.32,0.4,0.48,0.52,0.52,0.64,0.8,0.26573278149209384,0.3270062824477607,0.2593123209169054,0.3102051787575855,-1.5690568452475064,-0.026591201790256955,-0.02403947720598018,-0.022997044993964565,-0.019948636566021215,-0.01702438196391389,-0.01507848138439236,-0.011174403408552596,-0.0031172212034052877,0.001392592526603031,0.02231626873075272,0.03257968861209516,0.03390118453560556,0.051804586195395984,0.0601281681056415,0.060583783358142775,0.06293807917892072,0.06690059797952244,0.07458865528131622,0.07985479294151528,0.10412249054113307,0.29538767207289585,0.4379491922951237,0.45822708316963723,0.4632801939887751,0.4698519168585872,0.47153980674920104,0.47310995423568764,0.4875796341014885,0.4890922862640272,0.48933131342417296,0.5314998290051873,0.5387436279512585,0.5613452553131767,0.6136773565108317,0.6157105924332046,0.6292139118389176,0.6543073857470953,0.6593719841104484,0.6611914500201581,0.6799901967995002
59,5.0,0.0,0.0,0.0,0.0,0.0,0.0,0.0,0.0,0.0,0.04,0.08,0.12,0.28,0.28,0.44,0.48,0.48,0.52,0.6,0.64,0.2759736814178075,0.3019932732394786,0.25262655205348616,0.2877352730396052,-1.351909781635865,-0.02759510673914558,-0.027181661323600816,-0.019749059969568872,-0.017304014239930162,-0.012498543526499088,-0.006711672070949022,-0.0052070406024505664,0.007634666388469344,0.012493245332116319,0.018814922728473932,0.022316268730752712,0.02847411068268038,0.030017552258947453,0.051821775208150976,0.053992476928822246,0.059284400943600025,0.07765226546761946,0.09159614474331537,0.10438858768514142,0.22103321884887803,0.4327236609787839,0.4442579786329756,0.45514841272912676,0.4567451631450951,0.471283856589491,0.48261379360855916,0.48333465450682134,0.4848562537321617,0.48933131342417296,0.5047953211398762,0.5217983942904659,0.5313113762154256,0.5383804099917425,0.5674051371920933,0.5675080375724255,0.6187003067528276,0.6501202968279258,0.6575060666100533,0.702363746047396,0.7757342060093654
